{"content":[{"id":"2f192436","settings":{"flex_direction":"column","boxed_width":{"unit":"px","size":1280,"sizes":[]},"flex_gap":{"column":"50","row":"50","isLinked":true,"unit":"px","size":50},"flex_gap_tablet":{"column":"50","row":"50","isLinked":true,"unit":"px","size":50},"margin":{"unit":"px","top":"0","right":"0","bottom":"0","left":"0","isLinked":false},"padding":{"unit":"px","top":"120","right":"30","bottom":"120","left":"30","isLinked":false},"padding_tablet":{"unit":"px","top":"80","right":"30","bottom":"80","left":"30","isLinked":false},"padding_mobile":{"unit":"px","top":"50","right":"15","bottom":"50","left":"15","isLinked":false}},"elements":[{"id":"3157752d","settings":{"content_width":"full","flex_justify_content":"center","flex_align_items":"center","margin":{"unit":"px","top":"0","right":"0","bottom":"0","left":"0","isLinked":false},"padding":{"unit":"px","top":"0","right":"0","bottom":"0","left":"0","isLinked":false}},"elements":[{"id":"45939cdb","settings":{"title":"Lytical Demo ","align":"center","title_color":"#333333","typography_typography":"custom","typography_font_family":"Poppins","typography_font_size":{"unit":"px","size":32,"sizes":[]},"typography_font_size_tablet":{"unit":"px","size":24,"sizes":[]},"typography_font_size_mobile":{"unit":"px","size":24,"sizes":[]},"typography_font_weight":"600","ep_widget_cf_colors":"#D30C5C, #0EBCDC, #EAED41, #ED5A78, #DF33DF","ep_notation_list":[{"_id":"b17eeb3","ep_notation_bracket_on":"left,right"}],"ep_sound_effects_element_selector":"my-header","element_pack_widget_tooltip_text":"This is Tooltip","ep_display_conditions":[{"_id":"8cd5c11"}],"ep_parallax_effects_transition_for":"all","ep_parallax_effects_transition_duration":"100","ep_parallax_effects_transition_easing":"linear","element_pack_widget_effect_transition_duration":"300","element_pack_widget_effect_transition_easing":"ease-out","bdt_shape_builder_list":[]},"elements":[],"isInner":false,"widgetType":"heading","elType":"widget"},{"id":"1dd193af","settings":{"editor":"Lytical's Elementor Widget is the ultimate WordPress plugin to help you create high-performance and professional websites.","align":"center","text_color":"#7D7D7D","typography_typography":"custom","typography_font_family":"Open Sans","typography_font_size":{"unit":"px","size":15,"sizes":[]},"typography_font_weight":"400","typography_line_height":{"unit":"em","size":2,"sizes":[]},"typography_font_size_mobile":{"unit":"px","size":13,"sizes":[]},"ep_widget_cf_colors":"#D30C5C, #0EBCDC, #EAED41, #ED5A78, #DF33DF","ep_notation_list":[{"_id":"b343b31","ep_notation_bracket_on":"left,right"}],"ep_sound_effects_element_selector":"my-header","element_pack_widget_tooltip_text":"This is Tooltip","ep_display_conditions":[{"_id":"7466809"}],"ep_parallax_effects_transition_for":"all","ep_parallax_effects_transition_duration":"100","ep_parallax_effects_transition_easing":"linear","element_pack_widget_effect_transition_duration":"300","element_pack_widget_effect_transition_easing":"ease-out","bdt_shape_builder_list":[],"paragraph_spacing":{"unit":"px","size":0,"sizes":[]},"_element_width":"initial","_element_custom_width":{"unit":"%","size":50,"sizes":[]},"_element_custom_width_tablet":{"unit":"%","size":85,"sizes":[]},"_element_custom_width_mobile":{"unit":"%","size":100,"sizes":[]}},"elements":[],"isInner":false,"widgetType":"text-editor","elType":"widget"}],"isInner":true,"elType":"container"},{"id":"2b893e05","settings":{"item_height":{"unit":"px","size":300,"sizes":[]},"thumbnail_size_size":"full","link_to":"file","link_target":"only_button","items":[{"image":{"id":192,"url":"http:\/\/sohan-test-website-vxfgpk.flywp.xyz\/wp-content\/uploads\/2025\/12\/67.jpg","alt":"","source":"library","size":""},"_id":"a2f2a7c","title":"Michael Y. Tucker","readmore_text":"Read More","date":"February 3, 2022","meta":"Meta Content","column_span":"7","row_span":"2","current_item_height":{"unit":"px","size":620,"sizes":[]},"current_item_height_tablet":{"unit":"px","size":300,"sizes":[]},"youtube_url":"https:\/\/www.youtube.com\/watch?v=XHOmBV4js_E","vimeo_url":"https:\/\/vimeo.com\/235215203","dailymotion_url":"https:\/\/www.dailymotion.com\/video\/x6tqhqb","poster":{"id":86,"url":"http:\/\/sohan-test-website-vxfgpk.flywp.xyz\/wp-content\/uploads\/2025\/12\/placeholder-33.png"}},{"image":{"id":197,"url":"http:\/\/sohan-test-website-vxfgpk.flywp.xyz\/wp-content\/uploads\/2025\/12\/68.jpg","alt":"","source":"library","size":""},"_id":"7ae71a7","title":"Todd M. Contreras","readmore_text":"Read More","date":"February 3, 2022","meta":"Meta Content","column_span":"5","youtube_url":"https:\/\/www.youtube.com\/watch?v=XHOmBV4js_E","vimeo_url":"https:\/\/vimeo.com\/235215203","dailymotion_url":"https:\/\/www.dailymotion.com\/video\/x6tqhqb","poster":{"id":87,"url":"http:\/\/sohan-test-website-vxfgpk.flywp.xyz\/wp-content\/uploads\/2025\/12\/placeholder-34.png"}},{"image":{"id":196,"url":"http:\/\/sohan-test-website-vxfgpk.flywp.xyz\/wp-content\/uploads\/2025\/12\/69.jpg","alt":"","source":"library","size":""},"_id":"e514be7","title":"Letitia M. Reilly","readmore_text":"Read More","date":"February 3, 2022","meta":"Meta Content","column_span":"5","youtube_url":"https:\/\/www.youtube.com\/watch?v=XHOmBV4js_E","vimeo_url":"https:\/\/vimeo.com\/235215203","dailymotion_url":"https:\/\/www.dailymotion.com\/video\/x6tqhqb","poster":{"id":88,"url":"http:\/\/sohan-test-website-vxfgpk.flywp.xyz\/wp-content\/uploads\/2025\/12\/placeholder-35.png"}},{"image":{"id":195,"url":"http:\/\/sohan-test-website-vxfgpk.flywp.xyz\/wp-content\/uploads\/2025\/12\/70.jpg","alt":"","source":"library","size":""},"_id":"5d3a538","title":"Kimberly W. Berger","readmore_text":"Read More","date":"February 3, 2022","meta":"Meta Content","youtube_url":"https:\/\/www.youtube.com\/watch?v=XHOmBV4js_E","vimeo_url":"https:\/\/vimeo.com\/235215203","dailymotion_url":"https:\/\/www.dailymotion.com\/video\/x6tqhqb","poster":{"id":89,"url":"http:\/\/sohan-test-website-vxfgpk.flywp.xyz\/wp-content\/uploads\/2025\/12\/placeholder-36.png"}},{"image":{"id":194,"url":"http:\/\/sohan-test-website-vxfgpk.flywp.xyz\/wp-content\/uploads\/2025\/12\/63.jpg","alt":"","source":"library","size":""},"_id":"410553f","title":"Vonda M. Arnold","readmore_text":"Read More","date":"February 3, 2022","meta":"Meta Content","youtube_url":"https:\/\/www.youtube.com\/watch?v=XHOmBV4js_E","vimeo_url":"https:\/\/vimeo.com\/235215203","dailymotion_url":"https:\/\/www.dailymotion.com\/video\/x6tqhqb","poster":{"id":90,"url":"http:\/\/sohan-test-website-vxfgpk.flywp.xyz\/wp-content\/uploads\/2025\/12\/placeholder-37.png"}},{"image":{"id":193,"url":"http:\/\/sohan-test-website-vxfgpk.flywp.xyz\/wp-content\/uploads\/2025\/12\/73.jpg","alt":"","source":"library","size":""},"_id":"380aa04","title":"James E. Martinez","readmore_text":"Read More","date":"February 3, 2022","meta":"Meta Content","youtube_url":"https:\/\/www.youtube.com\/watch?v=XHOmBV4js_E","vimeo_url":"https:\/\/vimeo.com\/235215203","dailymotion_url":"https:\/\/www.dailymotion.com\/video\/x6tqhqb","poster":{"id":91,"url":"http:\/\/sohan-test-website-vxfgpk.flywp.xyz\/wp-content\/uploads\/2025\/12\/placeholder-38.png"}}],"title_color":"#FFFFFF","title_background_background":"classic","title_background_color":"#443D73","title_padding":{"unit":"px","top":"10","right":"20","bottom":"10","left":"20","isLinked":false},"title_typography_typography":"custom","meta_typography_typography":"custom","row_gap":{"unit":"px","size":20,"sizes":[]},"column_gap":{"unit":"px","size":20,"sizes":[]},"title_typography_font_family":"Nunito","title_typography_font_size":{"unit":"px","size":24,"sizes":[]},"title_typography_font_size_tablet":{"unit":"px","size":20,"sizes":[]},"title_typography_font_weight":"700","meta_color":"#FFFFFF","meta_typography_font_family":"Nunito","meta_typography_font_size":{"unit":"px","size":14,"sizes":[]},"meta_typography_font_weight":"700","readmore_background_background":"classic","read_more_typography_typography":"custom","read_more_typography_font_family":"Nunito","read_more_typography_font_size":{"unit":"px","size":12,"sizes":[]},"read_more_typography_font_weight":"700","item_border_radius":{"unit":"px","top":"10","right":"10","bottom":"10","left":"10","isLinked":true},"title_border_radius":{"unit":"px","top":"5","right":"5","bottom":"5","left":"5","isLinked":true},"ep_widget_cf_colors":"#D30C5C, #0EBCDC, #EAED41, #ED5A78, #DF33DF","ep_notation_list":[{"_id":"6464c28","ep_notation_bracket_on":"left,right"}],"ep_sound_effects_element_selector":"my-header","element_pack_widget_tooltip_text":"This is Tooltip","ep_display_conditions":[{"_id":"8795cc4"}],"ep_parallax_effects_transition_for":"all","ep_parallax_effects_transition_duration":"100","ep_parallax_effects_transition_easing":"linear","element_pack_widget_effect_transition_duration":"300","element_pack_widget_effect_transition_easing":"ease-out","pg_in_animation_transform_origin":"center top","bdt_shape_builder_list":[]},"elements":[],"isInner":false,"widgetType":"pg-lytical","elType":"widget"}],"isInner":false,"elType":"container"}],"settings":{"template":"elementor_canvas","ep_grid_line_columns":""},"metadata":[]}