{"content":[{"id":"2854f53a","settings":{"flex_direction":"column","boxed_width":{"unit":"px","size":1280,"sizes":[]},"flex_justify_content":"center","flex_align_items":"center","flex_gap_tablet":{"column":"10","row":"10","isLinked":true,"unit":"px","size":10},"margin":{"unit":"px","top":"0","right":"0","bottom":"0","left":"0","isLinked":false},"padding":{"unit":"px","top":"150","right":"30","bottom":"150","left":"30","isLinked":false},"padding_tablet":{"unit":"px","top":"100","right":"30","bottom":"100","left":"30","isLinked":false},"padding_mobile":{"unit":"px","top":"80","right":"15","bottom":"80","left":"15","isLinked":false}},"elements":[{"id":"1725d423","settings":{"title":"Axen Video Gallery","align":"center","title_color":"#333333","typography_typography":"custom","typography_font_family":"Poppins","typography_font_size":{"unit":"px","size":40,"sizes":[]},"typography_font_size_tablet":{"unit":"px","size":30,"sizes":[]},"typography_font_size_mobile":{"unit":"px","size":30,"sizes":[]},"typography_font_weight":"600","ep_widget_cf_colors":"#D30C5C, #0EBCDC, #EAED41, #ED5A78, #DF33DF","ep_notation_list":[{"_id":"0a94563","ep_notation_bracket_on":"left,right"}],"ep_sound_effects_element_selector":"my-header","element_pack_widget_tooltip_text":"This is Tooltip","ep_display_conditions":[{"_id":"bd880ee"}],"ep_parallax_effects_transition_for":"all","ep_parallax_effects_transition_duration":"100","ep_parallax_effects_transition_easing":"linear","element_pack_widget_effect_transition_duration":"300","element_pack_widget_effect_transition_easing":"ease-out","bdt_shape_builder_list":[]},"elements":[],"isInner":false,"widgetType":"heading","elType":"widget"},{"id":"78b6050","settings":{"editor":"Axen is a digital art collaboration that creates and shares content, builds communities and creates products.","align":"center","text_color":"#7D7D7D","typography_typography":"custom","typography_font_family":"Open Sans","typography_font_size":{"unit":"px","size":16,"sizes":[]},"typography_font_weight":"400","typography_line_height":{"unit":"em","size":1.6,"sizes":[]},"typography_font_size_mobile":{"unit":"px","size":15,"sizes":[]},"ep_widget_cf_colors":"#D30C5C, #0EBCDC, #EAED41, #ED5A78, #DF33DF","ep_notation_list":[{"_id":"cd5d9ef","ep_notation_bracket_on":"left,right"}],"ep_sound_effects_element_selector":"my-header","element_pack_widget_tooltip_text":"This is Tooltip","ep_display_conditions":[{"_id":"9a4351d"}],"ep_parallax_effects_transition_for":"all","ep_parallax_effects_transition_duration":"100","ep_parallax_effects_transition_easing":"linear","element_pack_widget_effect_transition_duration":"300","element_pack_widget_effect_transition_easing":"ease-out","bdt_shape_builder_list":[],"typography_font_size_tablet":{"unit":"px","size":16,"sizes":[]},"typography_line_height_tablet":{"unit":"em","size":1.6,"sizes":[]},"typography_line_height_mobile":{"unit":"em","size":1.6,"sizes":[]},"paragraph_spacing":{"unit":"px","size":0,"sizes":[]},"_margin":{"unit":"px","top":"0","right":"0","bottom":"0","left":"0","isLinked":false},"_padding":{"unit":"px","top":"0","right":"0","bottom":"50","left":"0","isLinked":false},"_padding_tablet":{"unit":"px","top":"0","right":"0","bottom":"50","left":"0","isLinked":false},"_element_width":"initial","_element_custom_width":{"unit":"%","size":35,"sizes":[]},"_element_custom_width_tablet":{"unit":"%","size":70,"sizes":[]},"_element_custom_width_mobile":{"unit":"%","size":100,"sizes":[]}},"elements":[],"isInner":false,"widgetType":"text-editor","elType":"widget"},{"id":"151f88db","settings":{"row_gap":{"unit":"px","size":20,"sizes":[]},"column_gap":{"unit":"px","size":20,"sizes":[]},"thumbnail_size_size":"full","items":[{"image":{"id":"","url":"https:\/\/sohan-test-website-vxfgpk.flywp.xyz\/wp-content\/plugins\/elementor\/assets\/images\/placeholder.png"},"_id":"f8811a3","media_type":"video","poster":{"id":29,"url":"http:\/\/sohan-test-website-vxfgpk.flywp.xyz\/wp-content\/uploads\/2025\/12\/pixel-gallery-demo-01-image.jpg","alt":"","source":"library","size":""},"youtube_url":"https:\/\/youtu.be\/11889UqyCPA","vimeo_url":"https:\/\/vimeo.com\/235215203","dailymotion_url":"https:\/\/www.dailymotion.com\/video\/x6tqhqb","title":"Destination Border Lands","meta":"Meta content"},{"image":{"id":"","url":"https:\/\/sohan-test-website-vxfgpk.flywp.xyz\/wp-content\/plugins\/elementor\/assets\/images\/placeholder.png"},"_id":"3fea4cb","media_type":"video","poster":{"id":30,"url":"http:\/\/sohan-test-website-vxfgpk.flywp.xyz\/wp-content\/uploads\/2025\/12\/pixel-gallery-demo-01-image-02.jpg","alt":"","source":"library","size":""},"youtube_url":"https:\/\/youtu.be\/HpC3Xq9U0Ao","vimeo_url":"https:\/\/vimeo.com\/235215203","dailymotion_url":"https:\/\/www.dailymotion.com\/video\/x6tqhqb","title":"Nature is watching","meta":"Meta content"},{"image":{"id":"","url":"https:\/\/sohan-test-website-vxfgpk.flywp.xyz\/wp-content\/plugins\/elementor\/assets\/images\/placeholder.png"},"_id":"59780f3","media_type":"video","poster":{"id":31,"url":"http:\/\/sohan-test-website-vxfgpk.flywp.xyz\/wp-content\/uploads\/2025\/12\/pixel-gallery-demo-01-image-03.jpg","alt":"","source":"library","size":""},"youtube_url":"https:\/\/youtu.be\/0VIhza1IyE0","vimeo_url":"https:\/\/vimeo.com\/235215203","dailymotion_url":"https:\/\/www.dailymotion.com\/video\/x6tqhqb","title":"Chilled Mountain Hike","meta":"Meta content"},{"image":{"id":"","url":"https:\/\/sohan-test-website-vxfgpk.flywp.xyz\/wp-content\/plugins\/elementor\/assets\/images\/placeholder.png"},"_id":"d6730f6","media_type":"video","poster":{"id":32,"url":"http:\/\/sohan-test-website-vxfgpk.flywp.xyz\/wp-content\/uploads\/2025\/12\/pixel-gallery-demo-01-image-04.jpg","alt":"","source":"library","size":""},"youtube_url":"https:\/\/youtu.be\/PEmKG_ZBNlc","vimeo_url":"https:\/\/vimeo.com\/235215203","dailymotion_url":"https:\/\/www.dailymotion.com\/video\/x6tqhqb","title":"Plasma Lake Placid","meta":"Meta content","column_span":"8","row_span":"2"},{"image":{"id":"","url":"https:\/\/sohan-test-website-vxfgpk.flywp.xyz\/wp-content\/plugins\/elementor\/assets\/images\/placeholder.png"},"_id":"efb318c","media_type":"video","poster":{"id":33,"url":"http:\/\/sohan-test-website-vxfgpk.flywp.xyz\/wp-content\/uploads\/2025\/12\/pixel-gallery-demo-01-image-05.jpg","alt":"","source":"library","size":""},"youtube_url":"https:\/\/youtu.be\/jGZs29qZAVQ","vimeo_url":"https:\/\/vimeo.com\/235215203","dailymotion_url":"https:\/\/www.dailymotion.com\/video\/x6tqhqb","title":"Ocean Breeze Sanctuary","meta":"Meta content"},{"image":{"id":"","url":"https:\/\/sohan-test-website-vxfgpk.flywp.xyz\/wp-content\/plugins\/elementor\/assets\/images\/placeholder.png"},"_id":"2cf5962","media_type":"video","poster":{"id":34,"url":"http:\/\/sohan-test-website-vxfgpk.flywp.xyz\/wp-content\/uploads\/2025\/12\/pixel-gallery-demo-01-image-06.jpg","alt":"","source":"library","size":""},"youtube_url":"https:\/\/youtu.be\/61rwGtKN8aI","vimeo_url":"https:\/\/vimeo.com\/235215203","dailymotion_url":"https:\/\/www.dailymotion.com\/video\/x6tqhqb","title":"Travel To Maldives","meta":"Meta content"}],"content_background_color":"#122C52","title_color":"#FFFFFF","title_typography_typography":"custom","title_typography_font_family":"Playfair Display","title_typography_font_size":{"unit":"px","size":20,"sizes":[]},"title_typography_font_size_tablet":{"unit":"px","size":18,"sizes":[]},"title_typography_font_weight":"700","meta_color":"#E9E9E9","meta_typography_typography":"custom","meta_typography_font_family":"Playfair Display","meta_typography_font_size":{"unit":"px","size":14,"sizes":[]},"meta_typography_font_weight":"500","ep_widget_cf_colors":"#D30C5C, #0EBCDC, #EAED41, #ED5A78, #DF33DF","ep_notation_list":[{"_id":"54ad4f2","ep_notation_bracket_on":"left,right"}],"ep_sound_effects_element_selector":"my-header","element_pack_widget_tooltip_text":"This is Tooltip","ep_display_conditions":[{"_id":"e5c38a0"}],"ep_parallax_effects_transition_for":"all","ep_parallax_effects_transition_duration":"100","ep_parallax_effects_transition_easing":"linear","element_pack_widget_effect_transition_duration":"300","element_pack_widget_effect_transition_easing":"ease-out","link_to":"file","open_lightbox":"yes","content_background_color_b":"#272727","video_icon_color":"#FFFFFF","gallery_builder_items":[{"gallery_builder_title":"Gallery Item #1","_id":"757e050"},{"gallery_builder_title":"Gallery Item #2","_id":"06ee347"},{"gallery_builder_title":"Gallery Item #3","_id":"205c66a"},{"gallery_builder_title":"Gallery Item #4","_id":"5f9e7ef"},{"gallery_builder_title":"Gallery Item #5","_id":"94ce11d"},{"gallery_builder_title":"Gallery Item #6","_id":"2e0bebc"}],"pg_in_animation_transform_origin":"center top","bdt_shape_builder_list":[]},"elements":[],"isInner":false,"widgetType":"pg-axen","elType":"widget"}],"isInner":false,"elType":"container"}],"settings":{"template":"elementor_canvas","ep_grid_line_columns":""},"metadata":[]}