{"content":[{"id":"29d2f2a7","settings":{"padding":{"unit":"px","top":"120","right":"30","bottom":"120","left":"30","isLinked":false},"padding_tablet":{"unit":"px","top":"80","right":"30","bottom":"80","left":"30","isLinked":false},"padding_mobile":{"unit":"px","top":"50","right":"15","bottom":"50","left":"15","isLinked":false},"section_parallax_elements":[],"ep_parallax_effects_transition_for":"all","ep_parallax_effects_transition_duration":"100","ep_parallax_effects_transition_easing":"linear","background_background":"classic","background_color":"#F4F4F4","bdt_shape_builder_list":[],"ep_display_conditions":[],"flex_direction":"column","flex_align_items":"center","flex_gap":{"size":50,"column":"50","row":"50","unit":"px","isLinked":true},"boxed_width":{"unit":"px","size":1280,"sizes":[]},"flex_justify_content":"center"},"elements":[{"id":"137c3769","settings":{"_column_size":100,"width":{"size":null,"unit":"%"},"ep_parallax_effects_transition_for":"all","ep_parallax_effects_transition_duration":"100","ep_parallax_effects_transition_easing":"linear","content_width":"full","flex_justify_content":"center","flex_align_items":"center"},"elements":[{"id":"529cb637","settings":{"title":"Ocean  Demo","align":"center","title_color":"#3E3E3E","typography_typography":"custom","typography_font_family":"Poppins","typography_font_size":{"unit":"px","size":28,"sizes":[]},"typography_font_weight":"600","ep_notation_list":[{"_id":"614ae61","ep_notation_bracket_on":"left,right"}],"ep_parallax_effects_transition_for":"all","ep_parallax_effects_transition_duration":"100","ep_parallax_effects_transition_easing":"linear","bdt_shape_builder_list":[],"ep_sound_effects_element_selector":"my-header","element_pack_widget_tooltip_text":"This is Tooltip","ep_display_conditions":[]},"elements":[],"isInner":false,"widgetType":"heading","elType":"widget"},{"id":"ca23a1b","settings":{"editor":"Pixel Gallery is a widget for your android device. It displays a number of advertisements, where each advertisement is an image from any given album in your Google photos.","align":"center","text_color":"#575757","typography_typography":"custom","typography_font_family":"Open Sans","typography_font_size":{"unit":"px","size":15,"sizes":[]},"typography_font_size_mobile":{"unit":"px","size":14,"sizes":[]},"typography_font_weight":"400","typography_line_height":{"unit":"em","size":1.7,"sizes":[]},"ep_notation_list":[{"_id":"ba2ae45","ep_notation_bracket_on":"left,right"}],"ep_parallax_effects_transition_for":"all","ep_parallax_effects_transition_duration":"100","ep_parallax_effects_transition_easing":"linear","bdt_shape_builder_list":[],"ep_sound_effects_element_selector":"my-header","element_pack_widget_tooltip_text":"This is Tooltip","ep_display_conditions":[],"typography_line_height_tablet":{"unit":"em","size":1.7,"sizes":[]},"paragraph_spacing":{"unit":"px","size":0,"sizes":[]},"_element_width":"initial","_element_custom_width":{"unit":"%","size":55,"sizes":[]},"_element_custom_width_tablet":{"unit":"%","size":95,"sizes":[]},"_element_custom_width_mobile":{"unit":"%","size":100,"sizes":[]}},"elements":[],"isInner":false,"widgetType":"text-editor","elType":"widget"}],"isInner":true,"elType":"container"},{"id":"6bf6c082","settings":{"row_gap":{"unit":"px","size":20,"sizes":[]},"column_gap":{"unit":"px","size":20,"sizes":[]},"thumbnail_size_size":"full","posts_include_by":[],"posts_include_term_ids":[],"items":[{"title":"Campfire with You","image":{"id":201,"url":"http:\/\/sohan-test-website-vxfgpk.flywp.xyz\/wp-content\/uploads\/2025\/12\/Couple-Camp-in-City-Mountain-1.jpg","alt":"","source":"library","size":""},"_id":"16e291f","youtube_url":"https:\/\/www.youtube.com\/watch?v=XHOmBV4js_E","vimeo_url":"https:\/\/vimeo.com\/235215203","dailymotion_url":"https:\/\/www.dailymotion.com\/video\/x6tqhqb","meta":"Meta content","poster":{"id":78,"url":"http:\/\/sohan-test-website-vxfgpk.flywp.xyz\/wp-content\/uploads\/2025\/12\/placeholder-27.png"}},{"title":"Enjoy hillside","image":{"id":206,"url":"http:\/\/sohan-test-website-vxfgpk.flywp.xyz\/wp-content\/uploads\/2025\/12\/Hang-with-Cloudy-Mountain.jpg","alt":"","source":"library","size":""},"_id":"3a3de79","youtube_url":"https:\/\/www.youtube.com\/watch?v=XHOmBV4js_E","vimeo_url":"https:\/\/vimeo.com\/235215203","dailymotion_url":"https:\/\/www.dailymotion.com\/video\/x6tqhqb","meta":"Meta content","column_span":"8","row_span":"2","poster":{"id":79,"url":"http:\/\/sohan-test-website-vxfgpk.flywp.xyz\/wp-content\/uploads\/2025\/12\/placeholder-28.png"}},{"title":"Blue Ocean","image":{"id":205,"url":"http:\/\/sohan-test-website-vxfgpk.flywp.xyz\/wp-content\/uploads\/2025\/12\/Deep-Ocean-Water-Sport.jpg","alt":"","source":"library","size":""},"_id":"b98d432","youtube_url":"https:\/\/www.youtube.com\/watch?v=XHOmBV4js_E","vimeo_url":"https:\/\/vimeo.com\/235215203","dailymotion_url":"https:\/\/www.dailymotion.com\/video\/x6tqhqb","meta":"Meta content","poster":{"id":80,"url":"http:\/\/sohan-test-website-vxfgpk.flywp.xyz\/wp-content\/uploads\/2025\/12\/placeholder-29.png"}},{"title":"Hill Tracking","image":{"id":204,"url":"http:\/\/sohan-test-website-vxfgpk.flywp.xyz\/wp-content\/uploads\/2025\/12\/Great-Mountain-Climbing.jpg","alt":"","source":"library","size":""},"_id":"34b4f76","youtube_url":"https:\/\/www.youtube.com\/watch?v=XHOmBV4js_E","vimeo_url":"https:\/\/vimeo.com\/235215203","dailymotion_url":"https:\/\/www.dailymotion.com\/video\/x6tqhqb","meta":"Meta content","poster":{"id":81,"url":"http:\/\/sohan-test-website-vxfgpk.flywp.xyz\/wp-content\/uploads\/2025\/12\/placeholder-30.png"}},{"title":"Seaside House ","image":{"id":203,"url":"http:\/\/sohan-test-website-vxfgpk.flywp.xyz\/wp-content\/uploads\/2025\/12\/Sea-side-Classic-Hotel.jpg","alt":"","source":"library","size":""},"_id":"baa9686","youtube_url":"https:\/\/www.youtube.com\/watch?v=XHOmBV4js_E","vimeo_url":"https:\/\/vimeo.com\/235215203","dailymotion_url":"https:\/\/www.dailymotion.com\/video\/x6tqhqb","meta":"Meta content","poster":{"id":82,"url":"http:\/\/sohan-test-website-vxfgpk.flywp.xyz\/wp-content\/uploads\/2025\/12\/placeholder-31.png"}},{"title":"Boat parking","image":{"id":202,"url":"http:\/\/sohan-test-website-vxfgpk.flywp.xyz\/wp-content\/uploads\/2025\/12\/Beach-Boat-Docking-Station.jpg","alt":"","source":"library","size":""},"_id":"7daab5e","youtube_url":"https:\/\/www.youtube.com\/watch?v=XHOmBV4js_E","vimeo_url":"https:\/\/vimeo.com\/235215203","dailymotion_url":"https:\/\/www.dailymotion.com\/video\/x6tqhqb","meta":"Meta content","poster":{"id":83,"url":"http:\/\/sohan-test-website-vxfgpk.flywp.xyz\/wp-content\/uploads\/2025\/12\/placeholder-32.png"}}],"gallery_builder_items":[{"gallery_builder_title":"Gallery Item #1","_id":"f36d1a6"},{"gallery_builder_title":"Gallery Item #2","_id":"8f80b60"},{"gallery_builder_title":"Gallery Item #3","_id":"ba3a718"},{"gallery_builder_title":"Gallery Item #4","_id":"bb48311"},{"gallery_builder_title":"Gallery Item #5","_id":"0d8ac81"},{"gallery_builder_title":"Gallery Item #6","_id":"ff11c69"}],"item_background_background":"classic","item_background_color":"#F4F4F4","item_border_radius":{"unit":"px","top":"10","right":"10","bottom":"10","left":"10","isLinked":true},"content_background_color":"#025160","content_border_radius":{"unit":"px","top":"5","right":"5","bottom":"5","left":"5","isLinked":true},"content_padding":{"unit":"px","top":"20","right":"20","bottom":"20","left":"20","isLinked":true},"title_color":"#FFFFFF","title_typography_typography":"custom","title_typography_font_family":"Nunito","title_typography_font_size":{"unit":"px","size":20,"sizes":[]},"title_typography_font_weight":"600","meta_color":"#C8C8C8","meta_typography_typography":"custom","meta_typography_font_family":"Nunito","meta_typography_font_size":{"unit":"px","size":14,"sizes":[]},"meta_typography_font_weight":"400","ep_notation_list":[{"_id":"175bddc","ep_notation_bracket_on":"left,right"}],"ep_parallax_effects_transition_for":"all","ep_parallax_effects_transition_duration":"100","ep_parallax_effects_transition_easing":"linear","content_background_background":"gradient","content_background_color_b":"#000000","content_background_gradient_angle":{"unit":"deg","size":270,"sizes":[]},"link_to":"file","open_lightbox":"yes","pg_in_animation_transform_origin":"center top","bdt_shape_builder_list":[],"ep_sound_effects_element_selector":"my-header","element_pack_widget_tooltip_text":"This is Tooltip","ep_display_conditions":[]},"elements":[],"isInner":false,"widgetType":"pg-ocean","elType":"widget"}],"isInner":false,"elType":"container"}],"settings":{"template":"elementor_canvas"},"metadata":[]}