{"content":[{"id":"276988d1","settings":{"padding":{"unit":"px","top":"120","right":"30","bottom":"120","left":"30","isLinked":false},"padding_tablet":{"unit":"px","top":"80","right":"30","bottom":"80","left":"30","isLinked":false},"padding_mobile":{"unit":"px","top":"50","right":"15","bottom":"50","left":"15","isLinked":false},"background_background":"classic","element_pack_agbg_color_list":[{"_id":"d43cec3"},{"start_color":"#567445","end_color":"#1D1BE0","_id":"68808d7"}],"ep_widget_cf_colors":"#D30C5C, #0EBCDC, #EAED41, #ED5A78, #DF33DF","section_parallax_elements":[],"element_pack_tile_scroll_elements":[{"element_pack_tile_scroll_x_start":{"unit":"px","size":-150},"element_pack_tile_scroll_x_end":{"unit":"px","size":150},"_id":"2066f33","element_pack_tile_scroll_title":"Item #1"},{"element_pack_tile_scroll_x_start":{"unit":"px","size":150},"element_pack_tile_scroll_x_end":{"unit":"px","size":-150},"_id":"1751ceb","element_pack_tile_scroll_title":"Item #1"},{"element_pack_tile_scroll_x_start":{"unit":"px","size":-150},"element_pack_tile_scroll_x_end":{"unit":"px","size":150},"_id":"98fb415","element_pack_tile_scroll_title":"Item #1"},{"element_pack_tile_scroll_x_start":{"unit":"px","size":150},"element_pack_tile_scroll_x_end":{"unit":"px","size":-150},"_id":"02d9d71","element_pack_tile_scroll_title":"Item #1"},{"element_pack_tile_scroll_x_start":{"unit":"px","size":-150},"element_pack_tile_scroll_x_end":{"unit":"px","size":150},"_id":"f25cccd","element_pack_tile_scroll_title":"Item #1"}],"ep_display_conditions":[{"_id":"2682dfa"}],"ep_parallax_effects_transition_for":"all","ep_parallax_effects_transition_duration":"100","ep_parallax_effects_transition_easing":"linear","bdt_shape_builder_list":[],"flex_direction":"column","flex_align_items":"stretch","flex_gap":{"size":50,"column":"50","row":"50","unit":"px","isLinked":true}},"elements":[{"id":"dfb5d33","settings":{"_column_size":100,"width":{"size":null,"unit":"%"},"padding_mobile":{"unit":"px","top":"0","right":"0","bottom":"0","left":"0","isLinked":false},"padding_tablet":{"unit":"px","top":"0","right":"0","bottom":"0","left":"0","isLinked":false},"ep_parallax_effects_transition_for":"all","ep_parallax_effects_transition_duration":"100","ep_parallax_effects_transition_easing":"linear","content_width":"full","flex_justify_content":"center","flex_align_items":"center"},"elements":[{"id":"77df318b","settings":{"title":"Fluid Demo","align":"center","title_color":"#333333","typography_typography":"custom","typography_font_family":"Poppins","typography_font_size":{"unit":"px","size":32,"sizes":[]},"typography_font_size_tablet":{"unit":"px","size":24,"sizes":[]},"typography_font_size_mobile":{"unit":"px","size":24,"sizes":[]},"typography_font_weight":"600","ep_widget_cf_colors":"#D30C5C, #0EBCDC, #EAED41, #ED5A78, #DF33DF","ep_notation_list":[{"_id":"215ad24","ep_notation_bracket_on":"left,right"}],"ep_sound_effects_element_selector":"my-header","element_pack_widget_tooltip_text":"This is Tooltip","ep_display_conditions":[{"_id":"29bcccd"}],"ep_parallax_effects_transition_for":"all","ep_parallax_effects_transition_duration":"100","ep_parallax_effects_transition_easing":"linear","element_pack_widget_effect_transition_duration":"300","element_pack_widget_effect_transition_easing":"ease-out","bdt_shape_builder_list":[]},"elements":[],"isInner":false,"widgetType":"heading","elType":"widget"},{"id":"54261082","settings":{"editor":"The Fluid, responsive WordPress grid element plugin that lets you design any layout and build unique pages for your theme.","align":"center","text_color":"#7D7D7D","typography_typography":"custom","typography_font_family":"Open Sans","typography_font_size":{"unit":"px","size":15,"sizes":[]},"typography_font_weight":"400","typography_line_height":{"unit":"em","size":2,"sizes":[]},"typography_font_size_mobile":{"unit":"px","size":13,"sizes":[]},"ep_widget_cf_colors":"#D30C5C, #0EBCDC, #EAED41, #ED5A78, #DF33DF","ep_notation_list":[{"_id":"b6c6ff7","ep_notation_bracket_on":"left,right"}],"ep_sound_effects_element_selector":"my-header","element_pack_widget_tooltip_text":"This is Tooltip","ep_display_conditions":[{"_id":"6c825fe"}],"ep_parallax_effects_transition_for":"all","ep_parallax_effects_transition_duration":"100","ep_parallax_effects_transition_easing":"linear","element_pack_widget_effect_transition_duration":"300","element_pack_widget_effect_transition_easing":"ease-out","bdt_shape_builder_list":[],"paragraph_spacing":{"unit":"px","size":0,"sizes":[]},"_element_width":"initial","_element_custom_width":{"unit":"%","size":45,"sizes":[]},"_element_custom_width_tablet":{"unit":"%","size":75,"sizes":[]},"_element_custom_width_mobile":{"unit":"%","size":100,"sizes":[]}},"elements":[],"isInner":false,"widgetType":"text-editor","elType":"widget"}],"isInner":true,"elType":"container"},{"id":"593e1067","settings":{"thumbnail_size_size":"full","items":[{"image":{"id":197,"url":"http:\/\/sohan-test-website-vxfgpk.flywp.xyz\/wp-content\/uploads\/2025\/12\/68.jpg","alt":"","source":"library","size":""},"_id":"6a75037","title":"Donnell R. Lee","readmore_text":"Read More","youtube_url":"https:\/\/www.youtube.com\/watch?v=XHOmBV4js_E","vimeo_url":"https:\/\/vimeo.com\/235215203","dailymotion_url":"https:\/\/www.dailymotion.com\/video\/x6tqhqb","poster":{"id":275,"url":"http:\/\/sohan-test-website-vxfgpk.flywp.xyz\/wp-content\/uploads\/2025\/12\/placeholder-45.png"}},{"image":{"id":195,"url":"http:\/\/sohan-test-website-vxfgpk.flywp.xyz\/wp-content\/uploads\/2025\/12\/70.jpg","alt":"","source":"library","size":""},"_id":"8d234a6","title":"Lawanda J. Claytor","readmore_text":"Read More","row_span":"2","current_item_height":{"unit":"px","size":550,"sizes":[]},"current_item_height_tablet":{"unit":"px","size":265,"sizes":[]},"youtube_url":"https:\/\/www.youtube.com\/watch?v=XHOmBV4js_E","vimeo_url":"https:\/\/vimeo.com\/235215203","dailymotion_url":"https:\/\/www.dailymotion.com\/video\/x6tqhqb","poster":{"id":276,"url":"http:\/\/sohan-test-website-vxfgpk.flywp.xyz\/wp-content\/uploads\/2025\/12\/placeholder-46.png"}},{"image":{"id":196,"url":"http:\/\/sohan-test-website-vxfgpk.flywp.xyz\/wp-content\/uploads\/2025\/12\/69.jpg","alt":"","source":"library","size":""},"_id":"2fbc819","title":"Diana W. Bell","readmore_text":"Read More","youtube_url":"https:\/\/www.youtube.com\/watch?v=XHOmBV4js_E","vimeo_url":"https:\/\/vimeo.com\/235215203","dailymotion_url":"https:\/\/www.dailymotion.com\/video\/x6tqhqb","poster":{"id":277,"url":"http:\/\/sohan-test-website-vxfgpk.flywp.xyz\/wp-content\/uploads\/2025\/12\/placeholder-47.png"}},{"image":{"id":194,"url":"http:\/\/sohan-test-website-vxfgpk.flywp.xyz\/wp-content\/uploads\/2025\/12\/63.jpg","alt":"","source":"library","size":""},"_id":"e142008","title":"Judith C. Russell","readmore_text":"Read More","youtube_url":"https:\/\/www.youtube.com\/watch?v=XHOmBV4js_E","vimeo_url":"https:\/\/vimeo.com\/235215203","dailymotion_url":"https:\/\/www.dailymotion.com\/video\/x6tqhqb","poster":{"id":278,"url":"http:\/\/sohan-test-website-vxfgpk.flywp.xyz\/wp-content\/uploads\/2025\/12\/placeholder-48.png"}},{"image":{"id":192,"url":"http:\/\/sohan-test-website-vxfgpk.flywp.xyz\/wp-content\/uploads\/2025\/12\/67.jpg","alt":"","source":"library","size":""},"_id":"5d8bd32","title":"Alice W. Schulze","readmore_text":"Read More","youtube_url":"https:\/\/www.youtube.com\/watch?v=XHOmBV4js_E","vimeo_url":"https:\/\/vimeo.com\/235215203","dailymotion_url":"https:\/\/www.dailymotion.com\/video\/x6tqhqb","poster":{"id":279,"url":"http:\/\/sohan-test-website-vxfgpk.flywp.xyz\/wp-content\/uploads\/2025\/12\/placeholder-49.png"}}],"social_link_list":[{"social_link":"http:\/\/www.facebook.com\/bdthemes\/","social_link_title":"Facebook","_id":"049f4d8"},{"social_link":"http:\/\/www.twitter.com\/bdthemes\/","social_link_title":"Twitter","_id":"c1942cb"},{"social_link":"http:\/\/www.instagram.com\/bdthemes\/","social_link_title":"Instagram","_id":"ea39365"}],"row_gap":{"unit":"px","size":20,"sizes":[]},"column_gap":{"unit":"px","size":20,"sizes":[]},"link_to":"file","overlay_color_color":"#395C7D9E","overlay_color_color_b":"#71649E9E","overlay_color_gradient_angle":{"unit":"deg","size":270,"sizes":[]},"item_background_background":"gradient","item_background_color":"#355C7D","item_background_color_b":"#71649E","link_target":"only_button","overlay_color_background":"gradient","title_color":"#FFFFFF","title_background_background":"gradient","title_background_color":"#71649E","title_background_color_b":"#395C7D","title_background_gradient_angle":{"unit":"deg","size":360,"sizes":[]},"title_padding":{"unit":"px","top":"15","right":"30","bottom":"15","left":"30","isLinked":false},"title_typography_typography":"custom","title_typography_font_family":"Playfair Display","title_typography_font_size":{"unit":"px","size":15,"sizes":[]},"title_typography_font_weight":"600","readmore_color":"#FFFFFF","readmore_background_background":"gradient","readmore_background_color":"#71649E","readmore_background_color_b":"#395C7C","readmore_typography_typography":"custom","readmore_typography_font_family":"Playfair Display","readmore_typography_font_size":{"unit":"px","size":12,"sizes":[]},"readmore_typography_font_weight":"600","readmore_typography_letter_spacing":{"unit":"px","size":1,"sizes":[]},"readmore_hover_background_background":"gradient","readmore_hover_background_color":"#395C7C","readmore_hover_background_color_b":"#71649E","show_social_link":"yes","social_link_color":"#E6E6E6","social_link_padding":{"unit":"px","top":"5","right":"5","bottom":"5","left":"5","isLinked":true},"social_text_typography_typography":"custom","social_text_typography_font_family":"Playfair Display","social_text_typography_font_size":{"unit":"px","size":12,"sizes":[]},"social_text_typography_font_weight":"400","item_height":{"unit":"px","size":265,"sizes":[]},"ep_widget_cf_colors":"#D30C5C, #0EBCDC, #EAED41, #ED5A78, #DF33DF","ep_notation_list":[{"_id":"caf15f8","ep_notation_bracket_on":"left,right"}],"ep_sound_effects_element_selector":"my-header","element_pack_widget_tooltip_text":"This is Tooltip","ep_display_conditions":[{"_id":"0532434"}],"ep_parallax_effects_transition_for":"all","ep_parallax_effects_transition_duration":"100","ep_parallax_effects_transition_easing":"linear","element_pack_widget_effect_transition_duration":"300","element_pack_widget_effect_transition_easing":"ease-out","pg_in_animation_transform_origin":"center top","bdt_shape_builder_list":[]},"elements":[],"isInner":false,"widgetType":"pg-fluid","elType":"widget"}],"isInner":false,"elType":"container"}],"settings":{"template":"elementor_canvas","ep_grid_line_columns":""},"metadata":[]}