{"content":[{"id":"37b88981","settings":{"margin":{"unit":"px","top":"0","right":0,"bottom":"0","left":0,"isLinked":false},"padding":{"unit":"px","top":"120","right":"30","bottom":"120","left":"30","isLinked":false},"padding_tablet":{"unit":"px","top":"80","right":"30","bottom":"80","left":"30","isLinked":false},"padding_mobile":{"unit":"px","top":"50","right":"15","bottom":"50","left":"15","isLinked":false},"section_parallax_elements":[],"ep_parallax_effects_transition_for":"all","ep_parallax_effects_transition_duration":"100","ep_parallax_effects_transition_easing":"linear","background_color":"#0B61D5","boxed_width":{"unit":"px","size":1600,"sizes":[]},"background_background":"classic","bdt_shape_builder_list":[],"ep_display_conditions":[],"flex_direction":"column","flex_align_items":"stretch","flex_gap":{"size":10,"column":"10","row":"10","unit":"px"}},"elements":[{"id":"651bfa6b","settings":{"title":"Tread Widget Demo","align":"center","title_color":"#FFFFFF","typography_typography":"custom","typography_font_family":"Lato","typography_font_size":{"unit":"px","size":32,"sizes":[]},"typography_font_size_mobile":{"unit":"px","size":24,"sizes":[]},"typography_font_weight":"600","ep_parallax_effects_transition_for":"all","ep_parallax_effects_transition_duration":"100","ep_parallax_effects_transition_easing":"linear","_padding":{"unit":"px","top":"0","right":"0","bottom":"0","left":"0","isLinked":false},"ep_notation_list":[{"_id":"68aad10","ep_notation_bracket_on":"left,right"}],"_padding_mobile":{"unit":"px","top":"0","right":"0","bottom":"30","left":"0","isLinked":false},"bdt_shape_builder_list":[],"ep_sound_effects_element_selector":"my-header","element_pack_widget_tooltip_text":"This is Tooltip","ep_display_conditions":[],"_padding_tablet":{"unit":"px","top":"0","right":"0","bottom":"0","left":"0","isLinked":true}},"elements":[],"isInner":false,"widgetType":"heading","elType":"widget"},{"id":"4a22c1e2","settings":{"thumbnail_size_size":"full","main_title":"July\/","main_sub_title":"August","items":[{"image":{"id":221,"url":"http:\/\/sohan-test-website-vxfgpk.flywp.xyz\/wp-content\/uploads\/2025\/12\/man-watch.jpg","alt":"","source":"library","size":""},"title":"Cochiatine","_id":"a3aa17f","youtube_url":"https:\/\/www.youtube.com\/watch?v=XHOmBV4js_E","vimeo_url":"https:\/\/vimeo.com\/235215203","dailymotion_url":"https:\/\/www.dailymotion.com\/video\/x6tqhqb","meta":"Meta content","readmore_text":"Read More","text":"<p>Apex Legends Mobile now features a solo playlist but players are furious that this mode has not been confirmed on PC or consoles.<\/p>","poster":{"id":51,"url":"http:\/\/sohan-test-website-vxfgpk.flywp.xyz\/wp-content\/uploads\/2025\/12\/placeholder-5.png"}},{"image":{"id":220,"url":"http:\/\/sohan-test-website-vxfgpk.flywp.xyz\/wp-content\/uploads\/2025\/12\/popcorn-.jpg","alt":"","source":"library","size":""},"title":"Sustalt","_id":"d2e98db","youtube_url":"https:\/\/www.youtube.com\/watch?v=XHOmBV4js_E","vimeo_url":"https:\/\/vimeo.com\/235215203","dailymotion_url":"https:\/\/www.dailymotion.com\/video\/x6tqhqb","meta":"Meta content","readmore_text":"Read More","text":"<p>Mount Diablo is a mountain of the Diablo Range, in Contra Costa County of the eastern San Francisco Bay Area in Northern California.<\/p>","poster":{"id":52,"url":"http:\/\/sohan-test-website-vxfgpk.flywp.xyz\/wp-content\/uploads\/2025\/12\/placeholder-6.png"}},{"image":{"id":224,"url":"http:\/\/sohan-test-website-vxfgpk.flywp.xyz\/wp-content\/uploads\/2025\/12\/004.jpg","alt":"","source":"library","size":""},"title":"Cefraolium","_id":"7761fe0","youtube_url":"https:\/\/www.youtube.com\/watch?v=XHOmBV4js_E","vimeo_url":"https:\/\/vimeo.com\/235215203","dailymotion_url":"https:\/\/www.dailymotion.com\/video\/x6tqhqb","meta":"Meta content","readmore_text":"Read More","text":"<p>Mount Barrington, a mountain that is part of the Mount Royal Range, is located on the Barrington Tops plateau in the Mid-Coast Council within New South Wales.<\/p>","poster":{"id":53,"url":"http:\/\/sohan-test-website-vxfgpk.flywp.xyz\/wp-content\/uploads\/2025\/12\/placeholder-7.png"}},{"image":{"id":223,"url":"http:\/\/sohan-test-website-vxfgpk.flywp.xyz\/wp-content\/uploads\/2025\/12\/jack-finnigan.jpg","alt":"","source":"library","size":""},"title":"Yukrine","_id":"8dad745","youtube_url":"https:\/\/www.youtube.com\/watch?v=XHOmBV4js_E","vimeo_url":"https:\/\/vimeo.com\/235215203","dailymotion_url":"https:\/\/www.dailymotion.com\/video\/x6tqhqb","meta":"Meta content","readmore_text":"Read More","text":"<p>A sword is an edged, bladed weapon intended for manual cutting or thrusting. Its blade, longer than a knife or dagger, is attached to a hilt and can be straight or curved.<\/p>","poster":{"id":54,"url":"http:\/\/sohan-test-website-vxfgpk.flywp.xyz\/wp-content\/uploads\/2025\/12\/placeholder-8.png"}},{"image":{"id":225,"url":"http:\/\/sohan-test-website-vxfgpk.flywp.xyz\/wp-content\/uploads\/2025\/12\/001.jpg","alt":"","source":"library","size":""},"title":"Rufruotium","_id":"e328563","youtube_url":"https:\/\/www.youtube.com\/watch?v=XHOmBV4js_E","vimeo_url":"https:\/\/vimeo.com\/235215203","dailymotion_url":"https:\/\/www.dailymotion.com\/video\/x6tqhqb","meta":"Meta content","readmore_text":"Read More","text":"<p>Apex Legends Mobile now features a solo playlist but players are furious that this mode has not been confirmed on PC or consoles.<\/p>","poster":{"id":55,"url":"http:\/\/sohan-test-website-vxfgpk.flywp.xyz\/wp-content\/uploads\/2025\/12\/placeholder-9.png"}},{"image":{"id":226,"url":"http:\/\/sohan-test-website-vxfgpk.flywp.xyz\/wp-content\/uploads\/2025\/12\/027.jpg","alt":"","source":"library","size":""},"title":"Slaucium","_id":"b6326db","youtube_url":"https:\/\/www.youtube.com\/watch?v=XHOmBV4js_E","vimeo_url":"https:\/\/vimeo.com\/235215203","dailymotion_url":"https:\/\/www.dailymotion.com\/video\/x6tqhqb","meta":"Meta content","readmore_text":"Read More","text":"<p>Mount Barrington, a mountain that is part of the Mount Royal Range, is located on the Barrington Tops plateau in the Mid-Coast Council within New South Wales.<\/p>","poster":{"id":56,"url":"http:\/\/sohan-test-website-vxfgpk.flywp.xyz\/wp-content\/uploads\/2025\/12\/placeholder-10.png"}},{"image":{"id":227,"url":"http:\/\/sohan-test-website-vxfgpk.flywp.xyz\/wp-content\/uploads\/2025\/12\/024.jpg","alt":"","source":"library","size":""},"title":"Pothiuntine","_id":"9a570d9","youtube_url":"https:\/\/www.youtube.com\/watch?v=XHOmBV4js_E","vimeo_url":"https:\/\/vimeo.com\/235215203","dailymotion_url":"https:\/\/www.dailymotion.com\/video\/x6tqhqb","meta":"Meta content","readmore_text":"Read More","text":"<p>Mount Diablo is a mountain of the Diablo Range, in Contra Costa County of the eastern San Francisco Bay Area in Northern California.<\/p>","poster":{"id":57,"url":"http:\/\/sohan-test-website-vxfgpk.flywp.xyz\/wp-content\/uploads\/2025\/12\/placeholder-11.png"}},{"image":{"id":228,"url":"http:\/\/sohan-test-website-vxfgpk.flywp.xyz\/wp-content\/uploads\/2025\/12\/017.jpg","alt":"","source":"library","size":""},"title":"Respoarhil","_id":"99293d6","youtube_url":"https:\/\/www.youtube.com\/watch?v=XHOmBV4js_E","vimeo_url":"https:\/\/vimeo.com\/235215203","dailymotion_url":"https:\/\/www.dailymotion.com\/video\/x6tqhqb","meta":"Meta content","readmore_text":"Read More","text":"<p>A sword is an edged, bladed weapon intended for manual cutting or thrusting. Its blade, longer than a knife or dagger, is attached to a hilt and can be straight or curved.<\/p>","poster":{"id":58,"url":"http:\/\/sohan-test-website-vxfgpk.flywp.xyz\/wp-content\/uploads\/2025\/12\/placeholder-12.png"}},{"image":{"id":229,"url":"http:\/\/sohan-test-website-vxfgpk.flywp.xyz\/wp-content\/uploads\/2025\/12\/laptop.jpg","alt":"","source":"library","size":""},"title":"Musniutrium","_id":"3f88da7","youtube_url":"https:\/\/www.youtube.com\/watch?v=XHOmBV4js_E","vimeo_url":"https:\/\/vimeo.com\/235215203","dailymotion_url":"https:\/\/www.dailymotion.com\/video\/x6tqhqb","meta":"Meta content","readmore_text":"Read More","text":"<p>Apex Legends Mobile now features a solo playlist but players are furious that this mode has not been confirmed on PC or consoles.<\/p>","poster":{"id":59,"url":"http:\/\/sohan-test-website-vxfgpk.flywp.xyz\/wp-content\/uploads\/2025\/12\/placeholder-13.png"}},{"image":{"id":172,"url":"http:\/\/sohan-test-website-vxfgpk.flywp.xyz\/wp-content\/uploads\/2025\/12\/girl.jpg","alt":"","source":"library","size":""},"title":"Aclurium","_id":"8c4c5c5","youtube_url":"https:\/\/www.youtube.com\/watch?v=XHOmBV4js_E","vimeo_url":"https:\/\/vimeo.com\/235215203","dailymotion_url":"https:\/\/www.dailymotion.com\/video\/x6tqhqb","meta":"Meta content","readmore_text":"Read More","text":"<p>Mount Barrington, a mountain that is part of the Mount Royal Range, is located on the Barrington Tops plateau in the Mid-Coast Council within New South Wales.<\/p>","poster":{"id":60,"url":"http:\/\/sohan-test-website-vxfgpk.flywp.xyz\/wp-content\/uploads\/2025\/12\/placeholder-14.png"}},{"image":{"id":173,"url":"http:\/\/sohan-test-website-vxfgpk.flywp.xyz\/wp-content\/uploads\/2025\/12\/H-2.jpg","alt":"","source":"library","size":""},"title":"Askian","_id":"aff56c3","youtube_url":"https:\/\/www.youtube.com\/watch?v=XHOmBV4js_E","vimeo_url":"https:\/\/vimeo.com\/235215203","dailymotion_url":"https:\/\/www.dailymotion.com\/video\/x6tqhqb","meta":"Meta content","readmore_text":"Read More","text":"<p>Mount Diablo is a mountain of the Diablo Range, in Contra Costa County of the eastern San Francisco Bay Area in Northern California.<\/p>","poster":{"id":61,"url":"http:\/\/sohan-test-website-vxfgpk.flywp.xyz\/wp-content\/uploads\/2025\/12\/placeholder-15.png"}},{"image":{"id":174,"url":"http:\/\/sohan-test-website-vxfgpk.flywp.xyz\/wp-content\/uploads\/2025\/12\/H-8.jpg","alt":"","source":"library","size":""},"title":"Zuclite","_id":"91ae316","youtube_url":"https:\/\/www.youtube.com\/watch?v=XHOmBV4js_E","vimeo_url":"https:\/\/vimeo.com\/235215203","dailymotion_url":"https:\/\/www.dailymotion.com\/video\/x6tqhqb","meta":"Meta content","readmore_text":"Read More","text":"<p>Apex Legends Mobile now features a solo playlist but players are furious that this mode has not been confirmed on PC or consoles.<\/p>","poster":{"id":62,"url":"http:\/\/sohan-test-website-vxfgpk.flywp.xyz\/wp-content\/uploads\/2025\/12\/placeholder-16.png"}},{"image":{"id":174,"url":"http:\/\/sohan-test-website-vxfgpk.flywp.xyz\/wp-content\/uploads\/2025\/12\/H-8.jpg","alt":"","source":"library","size":""},"title":"Paglite","_id":"27cf323","youtube_url":"https:\/\/www.youtube.com\/watch?v=XHOmBV4js_E","vimeo_url":"https:\/\/vimeo.com\/235215203","dailymotion_url":"https:\/\/www.dailymotion.com\/video\/x6tqhqb","meta":"Meta content","readmore_text":"Read More","text":"<p>Mount Barrington, a mountain that is part of the Mount Royal Range, is located on the Barrington Tops plateau in the Mid-Coast Council within New South Wales.<\/p>","poster":{"id":63,"url":"http:\/\/sohan-test-website-vxfgpk.flywp.xyz\/wp-content\/uploads\/2025\/12\/placeholder-17.png"}},{"image":{"id":175,"url":"http:\/\/sohan-test-website-vxfgpk.flywp.xyz\/wp-content\/uploads\/2025\/12\/H-9.jpg","alt":"","source":"library","size":""},"title":"Adruethil","_id":"2572052","youtube_url":"https:\/\/www.youtube.com\/watch?v=XHOmBV4js_E","vimeo_url":"https:\/\/vimeo.com\/235215203","dailymotion_url":"https:\/\/www.dailymotion.com\/video\/x6tqhqb","meta":"Meta content","readmore_text":"Read More","text":"<p>A sword is an edged, bladed weapon intended for manual cutting or thrusting. Its blade, longer than a knife or dagger, is attached to a hilt and can be straight or curved.<\/p>","poster":{"id":64,"url":"http:\/\/sohan-test-website-vxfgpk.flywp.xyz\/wp-content\/uploads\/2025\/12\/placeholder-18.png"}},{"image":{"id":176,"url":"http:\/\/sohan-test-website-vxfgpk.flywp.xyz\/wp-content\/uploads\/2025\/12\/H-6.jpg","alt":"","source":"library","size":""},"title":"Clionese","_id":"bfec8b7","youtube_url":"https:\/\/www.youtube.com\/watch?v=XHOmBV4js_E","vimeo_url":"https:\/\/vimeo.com\/235215203","dailymotion_url":"https:\/\/www.dailymotion.com\/video\/x6tqhqb","meta":"Meta content","readmore_text":"Read More","text":"<p>Mount Diablo is a mountain of the Diablo Range, in Contra Costa County of the eastern San Francisco Bay Area in Northern California.<\/p>","poster":{"id":65,"url":"http:\/\/sohan-test-website-vxfgpk.flywp.xyz\/wp-content\/uploads\/2025\/12\/placeholder-19.png"}},{"image":{"id":222,"url":"http:\/\/sohan-test-website-vxfgpk.flywp.xyz\/wp-content\/uploads\/2025\/12\/vrbox.jpg","alt":"","source":"library","size":""},"title":"Rushine","_id":"08de7d2","youtube_url":"https:\/\/www.youtube.com\/watch?v=XHOmBV4js_E","vimeo_url":"https:\/\/vimeo.com\/235215203","dailymotion_url":"https:\/\/www.dailymotion.com\/video\/x6tqhqb","meta":"Meta content","readmore_text":"Read More","text":"<p>Apex Legends Mobile now features a solo playlist but players are furious that this mode has not been confirmed on PC or consoles.<\/p>","poster":{"id":66,"url":"http:\/\/sohan-test-website-vxfgpk.flywp.xyz\/wp-content\/uploads\/2025\/12\/placeholder-20.png"}}],"ep_parallax_effects_transition_for":"all","ep_parallax_effects_transition_duration":"100","ep_parallax_effects_transition_easing":"linear","title_color":"#FFFFFF","ep_notation_list":[{"_id":"87be015","ep_notation_bracket_on":"left,right"}],"item_height_tablet":{"unit":"px","size":350,"sizes":[]},"main_title_color":"#FFFFFF12","main_title_typography_typography":"custom","main_title_typography_font_size_mobile":{"unit":"px","size":42,"sizes":[]},"main_title_text_stroke_text_stroke":{"unit":"px","size":1,"sizes":[]},"main_title_text_stroke_stroke_color":"#FFFFFF52","image_border_border":"solid","image_border_width":{"unit":"px","top":"4","right":"4","bottom":"4","left":"4","isLinked":true},"image_border_color":"#9FC8FF","image_hover_border_color":"#FFFFFF","image_hover_css_filters_css_filter":"custom","image_hover_css_filters_blur":{"unit":"px","size":3,"sizes":[]},"overlay_image_border_width":{"unit":"px","top":"10","right":"10","bottom":"10","left":"10","isLinked":true},"overlay_image_border_color":"#FFFFFF","overlay_image_radius":{"unit":"px","top":"20","right":"20","bottom":"20","left":"20","isLinked":true},"modal_title_color":"#FFFFFF","modal_title_text_shadow_text_shadow_type":"yes","modal_title_text_shadow_text_shadow":{"horizontal":0,"vertical":0,"blur":30,"color":"rgba(53.58301630434783, 86.43297809103267, 130.50000000000003, 0.32)"},"modal_text_color":"#ADD0FFB3","modal_meta_color":"#E2EEFF","modal_close_color":"#FFFFFF","modal_close_margin":{"unit":"px","top":"0","right":"0","bottom":"20","left":"0","isLinked":false},"item_height":{"unit":"px","size":1000,"sizes":[]},"main_title_typography_font_weight":"bold","modal_title_typography_typography":"custom","modal_title_typography_font_weight":"bold","modal_text_typography_font_size":{"unit":"px","size":18,"sizes":[]},"modal_meta_typography_font_size":{"unit":"px","size":18,"sizes":[]},"modal_close_size":{"unit":"px","size":100,"sizes":[]},"item_height_mobile":{"unit":"px","size":400,"sizes":[]},"modal_text_typography_typography":"custom","modal_text_typography_line_height":{"unit":"em","size":1.5,"sizes":[]},"modal_meta_typography_typography":"custom","modal_meta_typography_font_weight":"600","bdt_shape_builder_list":[],"ep_sound_effects_element_selector":"my-header","element_pack_widget_tooltip_text":"This is Tooltip","ep_display_conditions":[]},"elements":[],"isInner":false,"widgetType":"pg-tread","elType":"widget"}],"isInner":false,"elType":"container"}],"settings":{"template":"elementor_canvas"},"metadata":[]}