{"content":[{"id":"79e12c46","settings":{"flex_direction":"column","boxed_width":{"unit":"px","size":1360,"sizes":[]},"flex_gap":{"column":"50","row":"50","isLinked":true,"unit":"px","size":50},"margin":{"unit":"px","top":"0","right":"0","bottom":"0","left":"0","isLinked":false},"padding":{"unit":"px","top":"120","right":"30","bottom":"120","left":"30","isLinked":false},"padding_tablet":{"unit":"px","top":"80","right":"30","bottom":"80","left":"30","isLinked":false},"padding_mobile":{"unit":"px","top":"50","right":"15","bottom":"50","left":"15","isLinked":false}},"elements":[{"id":"551b41e0","settings":{"content_width":"full","flex_justify_content":"center","flex_align_items":"center","margin":{"unit":"px","top":"0","right":"0","bottom":"0","left":"0","isLinked":false},"padding":{"unit":"px","top":"0","right":"0","bottom":"0","left":"0","isLinked":false}},"elements":[{"id":"3c648560","settings":{"title":"Flash Demo","align":"center","title_color":"#333333","typography_typography":"custom","typography_font_family":"Poppins","typography_font_size":{"unit":"px","size":32,"sizes":[]},"typography_font_size_tablet":{"unit":"px","size":24,"sizes":[]},"typography_font_size_mobile":{"unit":"px","size":24,"sizes":[]},"typography_font_weight":"600","ep_widget_cf_colors":"#D30C5C, #0EBCDC, #EAED41, #ED5A78, #DF33DF","ep_notation_list":[{"_id":"0a4f20a","ep_notation_bracket_on":"left,right"}],"ep_sound_effects_element_selector":"my-header","element_pack_widget_tooltip_text":"This is Tooltip","ep_display_conditions":[{"_id":"0585a58"}],"ep_parallax_effects_transition_for":"all","ep_parallax_effects_transition_duration":"100","ep_parallax_effects_transition_easing":"linear","element_pack_widget_effect_transition_duration":"300","element_pack_widget_effect_transition_easing":"ease-out","bdt_shape_builder_list":[]},"elements":[],"isInner":false,"widgetType":"heading","elType":"widget"},{"id":"3f109773","settings":{"editor":"Pixel gallery is a complete photo editing app that allows you to edit, enhance and create pixel-perfect photos. With the latest artificial intelligence technology embedded.","align":"center","text_color":"#7D7D7D","typography_typography":"custom","typography_font_family":"Open Sans","typography_font_size":{"unit":"px","size":15,"sizes":[]},"typography_font_weight":"400","typography_line_height":{"unit":"em","size":2,"sizes":[]},"typography_font_size_mobile":{"unit":"px","size":13,"sizes":[]},"ep_widget_cf_colors":"#D30C5C, #0EBCDC, #EAED41, #ED5A78, #DF33DF","ep_notation_list":[{"_id":"8261eb1","ep_notation_bracket_on":"left,right"}],"ep_sound_effects_element_selector":"my-header","element_pack_widget_tooltip_text":"This is Tooltip","ep_display_conditions":[{"_id":"3298516"}],"ep_parallax_effects_transition_for":"all","ep_parallax_effects_transition_duration":"100","ep_parallax_effects_transition_easing":"linear","element_pack_widget_effect_transition_duration":"300","element_pack_widget_effect_transition_easing":"ease-out","bdt_shape_builder_list":[],"paragraph_spacing":{"unit":"px","size":0,"sizes":[]},"_element_width":"initial","_element_custom_width":{"unit":"%","size":35,"sizes":[]},"_element_custom_width_tablet":{"unit":"%","size":100,"sizes":[]},"_element_custom_width_mobile":{"unit":"%","size":100,"sizes":[]}},"elements":[],"isInner":false,"widgetType":"text-editor","elType":"widget"}],"isInner":true,"elType":"container"},{"id":"24da2422","settings":{"masonry":"yes","thumbnail_size_size":"full","items":[{"image":{"id":176,"url":"http:\/\/sohan-test-website-vxfgpk.flywp.xyz\/wp-content\/uploads\/2025\/12\/H-6.jpg","alt":"","source":"library","size":""},"title":"Peeker","meta":"Label","_id":"53fb7f3","youtube_url":"https:\/\/www.youtube.com\/watch?v=XHOmBV4js_E","vimeo_url":"https:\/\/vimeo.com\/235215203","dailymotion_url":"https:\/\/www.dailymotion.com\/video\/x6tqhqb","readmore_text":"Read More","text":"<p>Peeker is a simple, easily embeddable image viewer.\u00a0<\/p>","poster":{"id":95,"url":"http:\/\/sohan-test-website-vxfgpk.flywp.xyz\/wp-content\/uploads\/2025\/12\/placeholder-39.png"}},{"image":{"id":175,"url":"http:\/\/sohan-test-website-vxfgpk.flywp.xyz\/wp-content\/uploads\/2025\/12\/H-9.jpg","alt":"","source":"library","size":""},"title":"Shopping","meta":"Label","_id":"8c6f7aa","youtube_url":"https:\/\/www.youtube.com\/watch?v=XHOmBV4js_E","vimeo_url":"https:\/\/vimeo.com\/235215203","dailymotion_url":"https:\/\/www.dailymotion.com\/video\/x6tqhqb","readmore_text":"Read More","text":"<p>Pixel gallery is an innovative service that gives customers a unique experience of shopping online.<\/p>","poster":{"id":96,"url":"http:\/\/sohan-test-website-vxfgpk.flywp.xyz\/wp-content\/uploads\/2025\/12\/placeholder-40.png"}},{"image":{"id":174,"url":"http:\/\/sohan-test-website-vxfgpk.flywp.xyz\/wp-content\/uploads\/2025\/12\/H-8.jpg","alt":"","source":"library","size":""},"title":"Smile ","meta":"Label","_id":"f8fd804","youtube_url":"https:\/\/www.youtube.com\/watch?v=XHOmBV4js_E","vimeo_url":"https:\/\/vimeo.com\/235215203","dailymotion_url":"https:\/\/www.dailymotion.com\/video\/x6tqhqb","readmore_text":"Read More","text":"<p>Heading is an AI-powered, voice-activated assistant that makes driving.<\/p>","poster":{"id":97,"url":"http:\/\/sohan-test-website-vxfgpk.flywp.xyz\/wp-content\/uploads\/2025\/12\/placeholder-41.png"}},{"image":{"id":173,"url":"http:\/\/sohan-test-website-vxfgpk.flywp.xyz\/wp-content\/uploads\/2025\/12\/H-2.jpg","alt":"","source":"library","size":""},"title":"Excitement","meta":"Label","_id":"3041d88","youtube_url":"https:\/\/www.youtube.com\/watch?v=XHOmBV4js_E","vimeo_url":"https:\/\/vimeo.com\/235215203","dailymotion_url":"https:\/\/www.dailymotion.com\/video\/x6tqhqb","readmore_text":"Read More","text":"<p>The website offers a unique combination of products ranging from images, photo studio rental options<\/p>","poster":{"id":98,"url":"http:\/\/sohan-test-website-vxfgpk.flywp.xyz\/wp-content\/uploads\/2025\/12\/placeholder-42.png"}},{"image":{"id":172,"url":"http:\/\/sohan-test-website-vxfgpk.flywp.xyz\/wp-content\/uploads\/2025\/12\/girl.jpg","alt":"","source":"library","size":""},"title":"Dancing","meta":"Label","_id":"3f8e2b7","youtube_url":"https:\/\/www.youtube.com\/watch?v=XHOmBV4js_E","vimeo_url":"https:\/\/vimeo.com\/235215203","dailymotion_url":"https:\/\/www.dailymotion.com\/video\/x6tqhqb","readmore_text":"Read More","text":"<p>A new way to experience the world. See it, capture it, share it with a swipe.<\/p>","poster":{"id":99,"url":"http:\/\/sohan-test-website-vxfgpk.flywp.xyz\/wp-content\/uploads\/2025\/12\/placeholder-43.png"}},{"image":{"id":171,"url":"http:\/\/sohan-test-website-vxfgpk.flywp.xyz\/wp-content\/uploads\/2025\/12\/vr-gaming.jpg","alt":"","source":"library","size":""},"title":"VR Enjoying","meta":"Label","_id":"b24210f","youtube_url":"https:\/\/www.youtube.com\/watch?v=XHOmBV4js_E","vimeo_url":"https:\/\/vimeo.com\/235215203","dailymotion_url":"https:\/\/www.dailymotion.com\/video\/x6tqhqb","readmore_text":"Read More","text":"<p>Pixel gallery is a VR display app that allows you to browse and view photos in VR.<\/p>","poster":{"id":100,"url":"http:\/\/sohan-test-website-vxfgpk.flywp.xyz\/wp-content\/uploads\/2025\/12\/placeholder-44.png"}}],"ep_parallax_effects_transition_for":"all","ep_parallax_effects_transition_duration":"100","ep_parallax_effects_transition_easing":"linear","row_gap_tablet":{"unit":"px","size":0,"sizes":[]},"column_gap_tablet":{"unit":"px","size":0,"sizes":[]},"text_align":"left","link_to":"file","open_lightbox":"yes","link_target":"only_button","title_color":"#E63946","title_typography_typography":"custom","title_typography_font_family":"Anton","title_typography_font_size":{"unit":"px","size":50,"sizes":[]},"title_typography_font_size_tablet":{"unit":"px","size":42,"sizes":[]},"title_typography_font_weight":"400","title_typography_letter_spacing":{"unit":"px","size":4,"sizes":[]},"title_text_stroke_text_stroke_type":"yes","title_text_stroke_stroke_color":"#E63946","meta_color":"#E63946","meta_typography_typography":"custom","meta_typography_font_family":"Anton","meta_typography_font_size":{"unit":"px","size":30,"sizes":[]},"meta_typography_font_weight":"500","meta_typography_letter_spacing":{"unit":"px","size":2,"sizes":[]},"image_border_color":"#FF0000","overlay__item_background_color":"#FFF2F2","overlay__reveal_background_background":"classic","text_color":"#3E3E3E","text_margin":{"unit":"px","top":"20","right":"0","bottom":"0","left":"0","isLinked":false},"text_typography_typography":"custom","text_typography_font_family":"Open Sans","text_typography_font_size":{"unit":"px","size":13,"sizes":[]},"text_typography_font_weight":"400","meta_typography_text_transform":"uppercase","image_css_filters_blur":{"unit":"px","size":4,"sizes":[]},"readmore_color":"#E63946","readmore_background_background":"classic","readmore_background_color":"#E6394600","readmore_border_border":"solid","readmore_border_width":{"unit":"px","top":"1","right":"1","bottom":"1","left":"1","isLinked":true},"readmore_border_color":"#E63946","readmore_padding":{"unit":"px","top":"10","right":"24","bottom":"10","left":"24","isLinked":false},"read_more_typography_typography":"custom","read_more_typography_font_family":"Anton","read_more_typography_font_size":{"unit":"px","size":16,"sizes":[]},"read_more_typography_font_weight":"200","read_more_typography_letter_spacing":{"unit":"px","size":4,"sizes":[]},"readmore_hover_color":"#FFFFFF","readmore_hover_background_background":"classic","readmore_hover_background_color":"#E63946","readmore_hover_border_color":"#FFFFFF","overlay__item_background_background":"classic","overlay__reveal_background_color":"#FFE4E4","modal_title_color":"#E63946","modal_close_color":"#E63946","modal_close_color_hover":"#000000","text_max_width":{"unit":"px","size":300,"sizes":[]},"readmore_radius":{"unit":"px","top":"0","right":"0","bottom":"0","left":"0","isLinked":true},"modal_title_typography_typography":"custom","modal_title_typography_font_family":"Anton","modal_title_typography_font_size":{"unit":"px","size":50,"sizes":[]},"modal_title_typography_font_weight":"400","modal_title_typography_letter_spacing":{"unit":"px","size":4,"sizes":[]},"modal_text_color":"#565656","modal_text_typography_typography":"custom","modal_text_typography_font_family":"Open Sans","modal_text_typography_font_weight":"400","ep_notation_list":[{"_id":"57eee1e","ep_notation_bracket_on":"left,right"}],"bdt_shape_builder_list":[],"ep_sound_effects_element_selector":"my-header","element_pack_widget_tooltip_text":"This is Tooltip","ep_display_conditions":[]},"elements":[],"isInner":false,"widgetType":"pg-flash","elType":"widget"}],"isInner":false,"elType":"container"}],"settings":{"template":"elementor_canvas"},"metadata":[]}