{"content":[{"id":"6bce3283","settings":{"flex_direction":"column","boxed_width":{"unit":"px","size":1280,"sizes":[]},"flex_gap":{"column":"50","row":"50","isLinked":true,"unit":"px","size":50},"margin":{"unit":"px","top":"0","right":"0","bottom":"0","left":"0","isLinked":false},"padding":{"unit":"px","top":"120","right":"30","bottom":"120","left":"30","isLinked":false},"padding_tablet":{"unit":"px","top":"80","right":"30","bottom":"80","left":"30","isLinked":false},"padding_mobile":{"unit":"px","top":"50","right":"15","bottom":"50","left":"15","isLinked":false}},"elements":[{"id":"6efe4d5e","settings":{"content_width":"full","flex_justify_content":"center","flex_align_items":"center","flex_gap":{"column":"0","row":"0","isLinked":true,"unit":"px","size":0},"margin":{"unit":"px","top":"0","right":"0","bottom":"0","left":"0","isLinked":false},"padding":{"unit":"px","top":"0","right":"0","bottom":"0","left":"0","isLinked":false}},"elements":[{"id":"18213eb","settings":{"title":"Walden Style","align":"center","title_color":"#333333","typography_typography":"custom","typography_font_family":"Poppins","typography_font_size":{"unit":"px","size":32,"sizes":[]},"typography_font_size_tablet":{"unit":"px","size":24,"sizes":[]},"typography_font_size_mobile":{"unit":"px","size":24,"sizes":[]},"typography_font_weight":"600","ep_widget_cf_colors":"#D30C5C, #0EBCDC, #EAED41, #ED5A78, #DF33DF","ep_notation_list":[{"_id":"90f1bcc","ep_notation_bracket_on":"left,right"}],"ep_sound_effects_element_selector":"my-header","element_pack_widget_tooltip_text":"This is Tooltip","ep_display_conditions":[{"_id":"73288f0"}],"ep_parallax_effects_transition_for":"all","ep_parallax_effects_transition_duration":"100","ep_parallax_effects_transition_easing":"linear","element_pack_widget_effect_transition_duration":"300","element_pack_widget_effect_transition_easing":"ease-out","bdt_shape_builder_list":[]},"elements":[],"isInner":false,"widgetType":"heading","elType":"widget"},{"id":"65137ea2","settings":{"editor":"<p>Pixel Gallery is an online art gallery that brings together the best possible talents of young, upcoming artists from around the world.<\/p>","align":"center","text_color":"#7D7D7D","typography_typography":"custom","typography_font_family":"Open Sans","typography_font_size":{"unit":"px","size":15,"sizes":[]},"typography_font_weight":"400","typography_line_height":{"unit":"em","size":2,"sizes":[]},"typography_font_size_mobile":{"unit":"px","size":13,"sizes":[]},"ep_widget_cf_colors":"#D30C5C, #0EBCDC, #EAED41, #ED5A78, #DF33DF","ep_notation_list":[{"_id":"28d9a39","ep_notation_bracket_on":"left,right"}],"ep_sound_effects_element_selector":"my-header","element_pack_widget_tooltip_text":"This is Tooltip","ep_display_conditions":[{"_id":"aa74f1e"}],"ep_parallax_effects_transition_for":"all","ep_parallax_effects_transition_duration":"100","ep_parallax_effects_transition_easing":"linear","element_pack_widget_effect_transition_duration":"300","element_pack_widget_effect_transition_easing":"ease-out","bdt_shape_builder_list":[],"paragraph_spacing":{"unit":"px","size":0,"sizes":[]},"_element_width":"initial","_element_custom_width":{"unit":"%","size":45,"sizes":[]},"_element_custom_width_tablet":{"unit":"%","size":80,"sizes":[]},"_element_custom_width_mobile":{"unit":"%","size":100,"sizes":[]}},"elements":[],"isInner":false,"widgetType":"text-editor","elType":"widget"}],"isInner":true,"elType":"container"},{"id":"1aefdf56","settings":{"row_gap":{"unit":"px","size":20,"sizes":[]},"column_gap":{"unit":"px","size":20,"sizes":[]},"thumbnail_size_size":"full","link_to":"file","link_target":"only_button","items":[{"image":{"id":234,"url":"http:\/\/sohan-test-website-vxfgpk.flywp.xyz\/wp-content\/uploads\/2025\/12\/2-1.jpg","alt":"","source":"library","size":""},"_id":"2758a0f","title":"Pink Pineapple ","follow":"403","like":"604","column_span":"6","youtube_url":"https:\/\/www.youtube.com\/watch?v=XHOmBV4js_E","vimeo_url":"https:\/\/vimeo.com\/235215203","dailymotion_url":"https:\/\/www.dailymotion.com\/video\/x6tqhqb","poster":{"id":43,"url":"http:\/\/sohan-test-website-vxfgpk.flywp.xyz\/wp-content\/uploads\/2025\/12\/placeholder.png"}},{"image":{"id":238,"url":"http:\/\/sohan-test-website-vxfgpk.flywp.xyz\/wp-content\/uploads\/2025\/12\/16-1.jpg","alt":"","source":"library","size":""},"_id":"86e43fc","title":"Chowmin in bowl","follow":"403","like":"604","column_span":"6","youtube_url":"https:\/\/www.youtube.com\/watch?v=XHOmBV4js_E","vimeo_url":"https:\/\/vimeo.com\/235215203","dailymotion_url":"https:\/\/www.dailymotion.com\/video\/x6tqhqb","poster":{"id":44,"url":"http:\/\/sohan-test-website-vxfgpk.flywp.xyz\/wp-content\/uploads\/2025\/12\/placeholder-1.png"}},{"image":{"id":237,"url":"http:\/\/sohan-test-website-vxfgpk.flywp.xyz\/wp-content\/uploads\/2025\/12\/5-1.jpg","alt":"","source":"library","size":""},"_id":"b7be946","title":"Blue honeydew","follow":"403","like":"604","youtube_url":"https:\/\/www.youtube.com\/watch?v=XHOmBV4js_E","vimeo_url":"https:\/\/vimeo.com\/235215203","dailymotion_url":"https:\/\/www.dailymotion.com\/video\/x6tqhqb","poster":{"id":45,"url":"http:\/\/sohan-test-website-vxfgpk.flywp.xyz\/wp-content\/uploads\/2025\/12\/placeholder-2.png"}},{"image":{"id":236,"url":"http:\/\/sohan-test-website-vxfgpk.flywp.xyz\/wp-content\/uploads\/2025\/12\/3-1.jpg","alt":"","source":"library","size":""},"_id":"55d8d9b","title":"Blue cupcakes","follow":"403","like":"604","youtube_url":"https:\/\/www.youtube.com\/watch?v=XHOmBV4js_E","vimeo_url":"https:\/\/vimeo.com\/235215203","dailymotion_url":"https:\/\/www.dailymotion.com\/video\/x6tqhqb","poster":{"id":46,"url":"http:\/\/sohan-test-website-vxfgpk.flywp.xyz\/wp-content\/uploads\/2025\/12\/placeholder-3.png"}},{"image":{"id":235,"url":"http:\/\/sohan-test-website-vxfgpk.flywp.xyz\/wp-content\/uploads\/2025\/12\/4.jpg","alt":"","source":"library","size":""},"_id":"d5815a5","title":"Red velvet cake","follow":"403","like":"604","youtube_url":"https:\/\/www.youtube.com\/watch?v=XHOmBV4js_E","vimeo_url":"https:\/\/vimeo.com\/235215203","dailymotion_url":"https:\/\/www.dailymotion.com\/video\/x6tqhqb","poster":{"id":47,"url":"http:\/\/sohan-test-website-vxfgpk.flywp.xyz\/wp-content\/uploads\/2025\/12\/placeholder-4.png"}}],"_margin":{"unit":"px","top":"0","right":"0","bottom":"0","left":"0","isLinked":false},"text_align":"center","open_lightbox":"yes","overlay_type":"background","overlay_color_color":"#6672FF4D","item_background_background":"classic","readmore_background_background":"classic","primary_overlay_color":"#654EA3","secondary_overlay_color":"#EAAFC8","item_border_radius":{"unit":"px","top":"10","right":"10","bottom":"10","left":"10","isLinked":true},"title_color":"#FFFFFF","title_typography_typography":"custom","title_typography_font_family":"Poppins","title_typography_font_size":{"unit":"px","size":24,"sizes":[]},"title_typography_font_weight":"600","meta_color":"#D5D5D5","meta_typography_typography":"custom","meta_typography_font_family":"Poppins","meta_typography_font_size":{"unit":"px","size":12,"sizes":[]},"meta_typography_font_weight":"500","readmore_color":"#FFFFFF","readmore_background_color":"#EAAFC8","readmore_radius":{"unit":"px","top":"100","right":"100","bottom":"100","left":"100","isLinked":true},"readmore_padding":{"unit":"px","top":"15","right":"18","bottom":"15","left":"18","isLinked":false},"read_more_typography_typography":"custom","read_more_typography_font_size":{"unit":"px","size":16,"sizes":[]},"readmore_hover_color":"#EAAFC8","readmore_hover_background_background":"classic","readmore_hover_background_color":"#FFFFFF","ep_widget_cf_colors":"#D30C5C, #0EBCDC, #EAED41, #ED5A78, #DF33DF","ep_notation_list":[{"_id":"f5ac5ad","ep_notation_bracket_on":"left,right"}],"ep_sound_effects_element_selector":"my-header","element_pack_widget_tooltip_text":"This is Tooltip","ep_display_conditions":[{"_id":"cd494bf"}],"ep_parallax_effects_transition_for":"all","ep_parallax_effects_transition_duration":"100","ep_parallax_effects_transition_easing":"linear","element_pack_widget_effect_transition_duration":"300","element_pack_widget_effect_transition_easing":"ease-out","pg_in_animation_transform_origin":"center top","bdt_shape_builder_list":[]},"elements":[],"isInner":false,"widgetType":"pg-walden","elType":"widget"}],"isInner":false,"elType":"container"}],"settings":{"template":"elementor_canvas","ep_grid_line_columns":""},"metadata":[]}