{"content":[{"id":"f643c0d","settings":{"flex_direction":"column","boxed_width":{"unit":"px","size":1280,"sizes":[]},"flex_gap":{"column":"50","row":"50","isLinked":true,"unit":"px","size":50},"margin":{"unit":"px","top":"0","right":"0","bottom":"0","left":"0","isLinked":false},"padding":{"unit":"px","top":"120","right":"30","bottom":"120","left":"30","isLinked":false},"padding_tablet":{"unit":"px","top":"80","right":"30","bottom":"80","left":"30","isLinked":false},"padding_mobile":{"unit":"px","top":"50","right":"15","bottom":"50","left":"15","isLinked":false}},"elements":[{"id":"5b447277","settings":{"content_width":"full","flex_justify_content":"center","flex_align_items":"center","margin":{"unit":"px","top":"0","right":"0","bottom":"0","left":"0","isLinked":false},"padding":{"unit":"px","top":"0","right":"0","bottom":"0","left":"0","isLinked":false}},"elements":[{"id":"1eb9eda8","settings":{"title":"Ranch Demo ","align":"center","title_color":"#333333","typography_typography":"custom","typography_font_family":"Poppins","typography_font_size":{"unit":"px","size":32,"sizes":[]},"typography_font_size_tablet":{"unit":"px","size":24,"sizes":[]},"typography_font_size_mobile":{"unit":"px","size":24,"sizes":[]},"typography_font_weight":"600","ep_widget_cf_colors":"#D30C5C, #0EBCDC, #EAED41, #ED5A78, #DF33DF","ep_notation_list":[{"_id":"a5661ee","ep_notation_bracket_on":"left,right"}],"ep_sound_effects_element_selector":"my-header","element_pack_widget_tooltip_text":"This is Tooltip","ep_display_conditions":[{"_id":"4b59345"}],"ep_parallax_effects_transition_for":"all","ep_parallax_effects_transition_duration":"100","ep_parallax_effects_transition_easing":"linear","element_pack_widget_effect_transition_duration":"300","element_pack_widget_effect_transition_easing":"ease-out","bdt_shape_builder_list":[]},"elements":[],"isInner":false,"widgetType":"heading","elType":"widget"},{"id":"3a096bdc","settings":{"editor":"Pixel Gallery is an online art gallery that brings together the best possible talents of young, upcoming artists from around the world.","align":"center","text_color":"#7D7D7D","typography_typography":"custom","typography_font_family":"Open Sans","typography_font_size":{"unit":"px","size":15,"sizes":[]},"typography_font_weight":"400","typography_line_height":{"unit":"em","size":2,"sizes":[]},"typography_font_size_mobile":{"unit":"px","size":13,"sizes":[]},"ep_widget_cf_colors":"#D30C5C, #0EBCDC, #EAED41, #ED5A78, #DF33DF","ep_notation_list":[{"_id":"4cd9ff4","ep_notation_bracket_on":"left,right"}],"ep_sound_effects_element_selector":"my-header","element_pack_widget_tooltip_text":"This is Tooltip","ep_display_conditions":[{"_id":"0fae801"}],"ep_parallax_effects_transition_for":"all","ep_parallax_effects_transition_duration":"100","ep_parallax_effects_transition_easing":"linear","element_pack_widget_effect_transition_duration":"300","element_pack_widget_effect_transition_easing":"ease-out","bdt_shape_builder_list":[],"paragraph_spacing":{"unit":"px","size":0,"sizes":[]},"_padding":{"unit":"px","top":"0","right":"0","bottom":"0","left":"0","isLinked":false},"_element_width":"initial","_element_custom_width":{"unit":"%","size":45,"sizes":[]},"_element_custom_width_tablet":{"unit":"%","size":80,"sizes":[]},"_element_custom_width_mobile":{"unit":"%","size":100,"sizes":[]}},"elements":[],"isInner":false,"widgetType":"text-editor","elType":"widget"}],"isInner":true,"elType":"container"},{"id":"a8ce977","settings":{"thumbnail_size_size":"full","link_to":"file","open_lightbox":"yes","items":[{"image":{"id":210,"url":"http:\/\/sohan-test-website-vxfgpk.flywp.xyz\/wp-content\/uploads\/2025\/12\/Sporty-Man-Runner-Running.jpg","alt":"","source":"library","size":""},"_id":"4cb3241","title":"Sporty Man","meta":"Meta Content","row_span":"2","youtube_url":"https:\/\/www.youtube.com\/watch?v=XHOmBV4js_E","vimeo_url":"https:\/\/vimeo.com\/235215203","dailymotion_url":"https:\/\/www.dailymotion.com\/video\/x6tqhqb","poster":{"id":69,"url":"http:\/\/sohan-test-website-vxfgpk.flywp.xyz\/wp-content\/uploads\/2025\/12\/placeholder-21.png"}},{"image":{"url":"","id":"","size":"","alt":"","source":"library"},"_id":"5102f7a","title":"Professional Swimming","meta":"Meta Content","column_span":"8","media_type":"video","poster":{"id":216,"url":"http:\/\/sohan-test-website-vxfgpk.flywp.xyz\/wp-content\/uploads\/2025\/12\/Professional-Triathlete-Swimming.jpg","alt":"","source":"library","size":""},"youtube_url":"https:\/\/youtu.be\/SONx52cyltI","vimeo_url":"https:\/\/vimeo.com\/235215203","dailymotion_url":"https:\/\/www.dailymotion.com\/video\/x6tqhqb"},{"image":{"id":215,"url":"http:\/\/sohan-test-website-vxfgpk.flywp.xyz\/wp-content\/uploads\/2025\/12\/Cyclist-Rides-On-Bicycle-Speed.jpg","alt":"","source":"library","size":""},"_id":"a4829a4","title":"Cyclist Rides ","meta":"Meta Content","youtube_url":"https:\/\/www.youtube.com\/watch?v=XHOmBV4js_E","vimeo_url":"https:\/\/vimeo.com\/235215203","dailymotion_url":"https:\/\/www.dailymotion.com\/video\/x6tqhqb","poster":{"id":70,"url":"http:\/\/sohan-test-website-vxfgpk.flywp.xyz\/wp-content\/uploads\/2025\/12\/placeholder-22.png"}},{"image":{"id":214,"url":"http:\/\/sohan-test-website-vxfgpk.flywp.xyz\/wp-content\/uploads\/2025\/12\/Athlete-Rowing-Kayak.jpg","alt":"","source":"library","size":""},"_id":"333e0db","title":"Athlete Rowing","meta":"Meta Content","youtube_url":"https:\/\/www.youtube.com\/watch?v=XHOmBV4js_E","vimeo_url":"https:\/\/vimeo.com\/235215203","dailymotion_url":"https:\/\/www.dailymotion.com\/video\/x6tqhqb","poster":{"id":71,"url":"http:\/\/sohan-test-website-vxfgpk.flywp.xyz\/wp-content\/uploads\/2025\/12\/placeholder-23.png"}},{"image":{"id":213,"url":"http:\/\/sohan-test-website-vxfgpk.flywp.xyz\/wp-content\/uploads\/2025\/12\/Long-Jump-In-Para-Athletics.jpg","alt":"","source":"library","size":""},"_id":"881db8d","title":"Para Athletics","meta":"Meta Content","youtube_url":"https:\/\/www.youtube.com\/watch?v=XHOmBV4js_E","vimeo_url":"https:\/\/vimeo.com\/235215203","dailymotion_url":"https:\/\/www.dailymotion.com\/video\/x6tqhqb","poster":{"id":72,"url":"http:\/\/sohan-test-website-vxfgpk.flywp.xyz\/wp-content\/uploads\/2025\/12\/placeholder-24.png"}},{"_id":"81e413b","image":{"id":212,"url":"http:\/\/sohan-test-website-vxfgpk.flywp.xyz\/wp-content\/uploads\/2025\/12\/Man-Water-skiing-On-Lake.jpg","alt":"","source":"library","size":""},"title":"Water skiing","meta":"Meta Content","youtube_url":"https:\/\/www.youtube.com\/watch?v=XHOmBV4js_E","vimeo_url":"https:\/\/vimeo.com\/235215203","dailymotion_url":"https:\/\/www.dailymotion.com\/video\/x6tqhqb","poster":{"id":73,"url":"http:\/\/sohan-test-website-vxfgpk.flywp.xyz\/wp-content\/uploads\/2025\/12\/placeholder-25.png"}},{"image":{"id":211,"url":"http:\/\/sohan-test-website-vxfgpk.flywp.xyz\/wp-content\/uploads\/2025\/12\/Start-Diabled-Runner.jpg","alt":"","source":"library","size":""},"_id":"b12abc4","title":"Disabled Runner","meta":"Meta Content","youtube_url":"https:\/\/www.youtube.com\/watch?v=XHOmBV4js_E","vimeo_url":"https:\/\/vimeo.com\/235215203","dailymotion_url":"https:\/\/www.dailymotion.com\/video\/x6tqhqb","poster":{"id":74,"url":"http:\/\/sohan-test-website-vxfgpk.flywp.xyz\/wp-content\/uploads\/2025\/12\/placeholder-26.png"}}],"social_link_list":[{"social_link":"http:\/\/www.facebook.com\/bdthemes\/","social_icon":{"value":"fab fa-facebook-f","library":"fa-brands"},"social_link_title":"Facebook","_id":"e3cda67"},{"social_link":"http:\/\/www.twitter.com\/bdthemes\/","social_icon":{"value":"fab fa-twitter","library":"fa-brands"},"social_link_title":"Twitter","_id":"59a4c46"},{"social_link":"http:\/\/www.instagram.com\/bdthemes\/","social_icon":{"value":"fab fa-instagram","library":"fa-brands"},"social_link_title":"Instagram","_id":"4d6fc1e"}],"_margin":{"unit":"px","top":"0","right":"0","bottom":"0","left":"0","isLinked":false},"content_background_color":"#006DBE","text_align":"left","title_color":"#FFFFFF","meta_color":"#FFFFFF","content_background_color_b":"","title_typography_typography":"custom","title_typography_font_family":"Poppins","title_typography_font_size":{"unit":"px","size":20,"sizes":[]},"title_typography_font_size_tablet":{"unit":"px","size":18,"sizes":[]},"title_typography_font_weight":"500","meta_typography_typography":"custom","meta_typography_font_family":"Poppins","meta_typography_font_size":{"unit":"px","size":12,"sizes":[]},"meta_typography_font_weight":"400","social_icon_background_background":"classic","social_icon_background_color":"#FFFFFF","social_icon_radius":{"unit":"px","top":"0","right":"0","bottom":"0","left":"0","isLinked":true},"social_icon_hover_color":"#FFFFFF","social_icon_hover_background_background":"classic","social_icon_hover_background_color":"#000000","_margin_mobile":{"unit":"px","top":"0","right":"0","bottom":"0","left":"0","isLinked":false},"video_icon_color":"#FFFFFF","ep_widget_cf_colors":"#D30C5C, #0EBCDC, #EAED41, #ED5A78, #DF33DF","ep_notation_list":[{"_id":"72a3304","ep_notation_bracket_on":"left,right"}],"ep_sound_effects_element_selector":"my-header","element_pack_widget_tooltip_text":"This is Tooltip","ep_display_conditions":[{"_id":"400bb95"}],"ep_parallax_effects_transition_for":"all","ep_parallax_effects_transition_duration":"100","ep_parallax_effects_transition_easing":"linear","element_pack_widget_effect_transition_duration":"300","element_pack_widget_effect_transition_easing":"ease-out","pg_in_animation_transform_origin":"center top","bdt_shape_builder_list":[]},"elements":[],"isInner":false,"widgetType":"pg-ranch","elType":"widget"}],"isInner":false,"elType":"container"}],"settings":{"template":"elementor_canvas","ep_grid_line_columns":""},"metadata":[]}